"","program","percent_poc","percent_poc_funded","poverty_rate","poverty_rate_funded","pop_density","pop_density_funded","med_hh_income","med_hh_income_funded","access_to_car","access_to_car_funded","age_over_64","age_over_64_funded","age_under_18","age_under_18_funded","airports_primary","airports_primary_funded","annual_vehicle_mi_per_hh","annual_vehicle_mi_per_hh_funded","avg_hh_person_trips","avg_hh_person_trips_funded","bridges","bridges_funded","bridges_poor_condition","bridges_poor_condition_funded","broadband_speed","broadband_speed_funded","capacity_environment","capacity_environment_funded","capacity_housing","capacity_housing_funded","capacity_transport","capacity_transport_funded","cnw_500","cnw_500_funded","commute_time","commute_time_funded","contaminated_sites","contaminated_sites_funded","diesel_pm","diesel_pm_funded","docks","docks_funded","employment_access_index","employment_access_index_funded","energy_cost_hh","energy_cost_hh_funded","freq_bus_use","freq_bus_use_funded","freq_fatal_accidents","freq_fatal_accidents_funded","freq_train_use","freq_train_use_funded","ghg_per_acre","ghg_per_acre_funded","green_commute","green_commute_funded","grid_disturbances","grid_disturbances_funded","hh_int_access","hh_int_access_funded","highway_miles","highway_miles_funded","homelessness","homelessness_funded","housing_cost_burden","housing_cost_burden_funded","housing_units","housing_units_funded","hud_202","hud_202_funded","hud_hcv","hud_hcv_funded","hud_pbs8","hud_pbs8_funded","hud_ph","hud_ph_funded","incomplete_kitchen","incomplete_kitchen_funded","incomplete_plumbing","incomplete_plumbing_funded","overcrowded_housing","overcrowded_housing_funded","ozone","ozone_funded","permits","permits_funded","pm25","pm25_funded","power_generation","power_generation_funded","pub_transit_commute","pub_transit_commute_funded","pub_transit_stops","pub_transit_stops_funded","rail_transit_km","rail_transit_km_funded","rr_freight_route_miles","rr_freight_route_miles_funded","rr_incident_killed","rr_incident_killed_funded","rr_incident_number","rr_incident_number_funded","rr_pax_route_miles","rr_pax_route_miles_funded","stations_elevated","stations_elevated_funded","stations_subway","stations_subway_funded","superfund_site","superfund_site_funded","transport_costs","transport_costs_funded","transport_trade_jobs","transport_trade_jobs_funded","vacancy_rate","vacancy_rate_funded","water_system_violations","water_system_violations_funded"
"1","ag_reconnect",-0.382352941156862,-0.306022409392157,-0.137254902196078,-0.230392156862745,-0.686274509803922,-0.364845938803922,-0.098039215490196,-0.264705882352941,NA,NA,NA,NA,NA,NA,NA,NA,NA,NA,NA,NA,NA,NA,NA,NA,-0.0882352944411764,-0.230042016735294,NA,NA,NA,NA,NA,NA,NA,NA,NA,NA,NA,NA,NA,NA,NA,NA,NA,NA,NA,NA,NA,NA,NA,NA,NA,NA,NA,NA,NA,NA,NA,NA,-0.137254901970588,-0.199229692019608,NA,NA,NA,NA,NA,NA,NA,NA,NA,NA,NA,NA,NA,NA,NA,NA,NA,NA,NA,NA,NA,NA,NA,NA,NA,NA,NA,NA,NA,NA,NA,NA,NA,NA,NA,NA,NA,NA,NA,NA,NA,NA,NA,NA,NA,NA,NA,NA,NA,NA,NA,NA,NA,NA,NA,NA,NA,NA
"2","airport_infrastructure",-0.607843137254902,-0.274509803568627,-0.558823529411764,-0.176470588176471,-0.65686274509804,-0.254901961254902,-0.57843137254902,-0.156862744862745,NA,NA,NA,NA,NA,NA,-0.65,-0.00470588200000005,NA,NA,NA,NA,NA,NA,NA,NA,NA,NA,NA,NA,NA,NA,-0.64,-0.2264705885,NA,NA,NA,NA,NA,NA,NA,NA,NA,NA,NA,NA,NA,NA,NA,NA,NA,NA,NA,NA,NA,NA,NA,NA,NA,NA,NA,NA,NA,NA,NA,NA,NA,NA,NA,NA,NA,NA,NA,NA,NA,NA,NA,NA,NA,NA,NA,NA,NA,NA,NA,NA,NA,NA,NA,NA,NA,NA,NA,NA,NA,NA,NA,NA,NA,NA,NA,NA,NA,NA,NA,NA,NA,NA,NA,NA,NA,NA,NA,NA,NA,NA,NA,NA,NA,NA
"3","airport_terminal",-0.294117646941176,-0.359158297392157,-0.284313725598039,-0.401721663970588,-0.274509803784314,-0.194643711313725,-0.303921568588235,-0.389765662313726,NA,NA,NA,NA,NA,NA,-0.050392157,-0.0946341460000001,NA,NA,NA,NA,NA,NA,NA,NA,NA,NA,NA,NA,NA,NA,-0.3288235295,-0.303414634,NA,NA,NA,NA,NA,NA,NA,NA,NA,NA,NA,NA,NA,NA,NA,NA,NA,NA,NA,NA,NA,NA,NA,NA,NA,NA,NA,NA,NA,NA,NA,NA,NA,NA,NA,NA,NA,NA,NA,NA,NA,NA,NA,NA,NA,NA,NA,NA,NA,NA,NA,NA,NA,NA,NA,NA,NA,NA,NA,NA,NA,NA,NA,NA,NA,NA,NA,NA,NA,NA,NA,NA,NA,NA,NA,NA,NA,NA,NA,NA,NA,NA,NA,NA,NA,NA
"4","asap",-0.686274509803922,-0.10171568627451,-0.754901960784313,-0.219362745098039,-0.598039215686274,-0.299019607843137,-0.754901960784313,-0.705882352941176,NA,NA,NA,NA,NA,NA,NA,NA,NA,NA,-0.63,-0.07,NA,NA,NA,NA,NA,NA,NA,NA,NA,NA,-0.7,-0.4275,NA,NA,NA,NA,NA,NA,NA,NA,NA,NA,NA,NA,NA,NA,NA,NA,NA,NA,NA,NA,NA,NA,-0.598039215686274,-0.257352941176471,NA,NA,NA,NA,NA,NA,NA,NA,NA,NA,NA,NA,NA,NA,NA,NA,NA,NA,NA,NA,NA,NA,NA,NA,NA,NA,NA,NA,NA,NA,NA,NA,NA,NA,-0.598039215686274,-0.343137254901961,-0.583333333333333,-0.302083333333333,NA,NA,NA,NA,NA,NA,NA,NA,NA,NA,-0.598039215686274,-0.362745098039216,-0.686274509803922,-0.474264705882353,NA,NA,-0.8,NA,NA,NA,NA,NA,NA,NA
"5","bridge",-0.205882353264706,-0.149509804254902,-0.57843137254902,-0.397058823529412,-0.215686274519608,-0.361519608009804,-0.637254901960784,-0.345588235627451,NA,NA,NA,NA,NA,NA,NA,NA,NA,NA,-0.1329411765,-0.195,-0.6,-0.396666667,-0.356951871363636,-0.128787878954545,NA,NA,NA,NA,NA,NA,-0.4460784315,-0.361666667,NA,NA,NA,NA,NA,NA,NA,NA,NA,NA,NA,NA,NA,NA,NA,NA,NA,NA,NA,NA,NA,NA,NA,NA,NA,NA,NA,NA,NA,NA,NA,NA,NA,NA,NA,NA,NA,NA,NA,NA,NA,NA,NA,NA,NA,NA,NA,NA,NA,NA,NA,NA,NA,NA,NA,NA,NA,NA,NA,NA,NA,NA,NA,NA,NA,NA,NA,NA,NA,NA,NA,NA,NA,NA,NA,NA,NA,NA,NA,NA,NA,NA,NA,NA,NA,NA
"6","buses",-0.431372549019608,-0.288032454705882,-0.617647058823529,-0.413116970960784,-0.117647058990196,-0.227856660215686,-0.57843137254902,-0.448951995039216,NA,NA,NA,NA,NA,NA,NA,NA,-0.494509804,-0.106206897,-0.251764706,-0.2772413795,NA,NA,NA,NA,NA,NA,NA,NA,NA,NA,-0.52,-0.328275862,NA,NA,NA,NA,NA,NA,NA,NA,NA,NA,NA,NA,NA,NA,NA,NA,NA,NA,NA,NA,NA,NA,-0.147058823784314,-0.311020960039216,NA,NA,NA,NA,NA,NA,NA,NA,NA,NA,NA,NA,NA,NA,NA,NA,NA,NA,NA,NA,NA,NA,NA,NA,NA,NA,NA,NA,NA,NA,NA,NA,NA,NA,-0.303921568421568,-0.320824881607843,-0.151960784333333,-0.242816091833333,NA,NA,NA,NA,NA,NA,NA,NA,NA,NA,NA,NA,NA,NA,NA,NA,-0.64,-0.4668965515,NA,NA,NA,NA,NA,NA
"7","capital_investment",-0.401960784372549,-0.291316527039216,-0.558823529411764,-0.403361344490196,-0.11764705867647,-0.355742296656863,-0.637254901960784,-0.460784313558823,-0.57843137254902,-0.219887955539216,NA,NA,NA,NA,NA,NA,-0.73,-0.1447619045,-0.326862745,-0.213333333,NA,NA,NA,NA,NA,NA,NA,NA,NA,NA,-0.2629411765,-0.308571429,NA,NA,-0.19607843167647,-0.365546218558824,NA,NA,NA,NA,NA,NA,-0.75,-0.023809524,NA,NA,-0.1145098035,-0.225714286,NA,NA,-0.114117647,-0.3290476195,NA,NA,-0.362745098215686,-0.274509803588235,NA,NA,NA,NA,-0.74,-0.050952381,NA,NA,NA,NA,NA,NA,NA,NA,NA,NA,NA,NA,NA,NA,NA,NA,NA,NA,NA,NA,NA,NA,NA,NA,NA,NA,NA,NA,-0.117647058656863,-0.330532213313726,-0.00367647066666665,-0.160714286,NA,NA,NA,NA,NA,NA,NA,NA,NA,NA,NA,NA,NA,NA,NA,NA,-0.8,-0.339047619,NA,NA,NA,NA,NA,NA
"8","cdbg_entitlement",-0.40196078432353,-0.40196078432353,-0.284313725009803,-0.284313725009803,-0.137254901941176,-0.137254901941176,-0.274509803911764,-0.274509803911764,NA,NA,NA,NA,NA,NA,NA,NA,NA,NA,NA,NA,NA,NA,NA,NA,NA,NA,NA,NA,-0.23,-0.23,NA,NA,NA,NA,NA,NA,NA,NA,NA,NA,NA,NA,NA,NA,NA,NA,NA,NA,NA,NA,NA,NA,NA,NA,NA,NA,NA,NA,NA,NA,NA,NA,-0.313725490421568,-0.313725490421568,-0.215686274421569,-0.215686274421569,-0.401960784294118,-0.401960784294118,NA,NA,NA,NA,NA,NA,-0.0392156864901961,-0.0392156864901961,-0.205882353147058,-0.205882353147058,-0.254901960784313,-0.254901960784313,-0.401960784421569,-0.401960784421569,NA,NA,-0.0876350535510203,-0.0876350535510203,NA,NA,NA,NA,NA,NA,NA,NA,NA,NA,NA,NA,NA,NA,NA,NA,NA,NA,NA,NA,NA,NA,NA,NA,NA,NA,NA,NA,-0.254901960921569,-0.254901960921569,NA,NA
"9","clean_school_bus",-0.392156862627451,-0.392156862627451,-0.0882352941764707,-0.0882352941764707,-0.186274510176471,-0.186274510176471,-0.117647058833334,-0.117647058833334,NA,NA,NA,NA,-0.274509804029412,-0.274509804029412,NA,NA,-0.193333333,-0.193333333,NA,NA,NA,NA,NA,NA,NA,NA,-0.233529412,-0.233529412,NA,NA,-0.0966666665,-0.0966666665,NA,NA,NA,NA,NA,NA,NA,NA,NA,NA,NA,NA,NA,NA,NA,NA,NA,NA,NA,NA,NA,NA,NA,NA,NA,NA,NA,NA,NA,NA,NA,NA,NA,NA,NA,NA,NA,NA,NA,NA,NA,NA,NA,NA,NA,NA,NA,NA,NA,NA,NA,NA,NA,NA,NA,NA,NA,NA,NA,NA,NA,NA,NA,NA,NA,NA,NA,NA,NA,NA,NA,NA,NA,NA,NA,NA,NA,NA,-0.170980392,-0.170980392,NA,NA,NA,NA,NA,NA
"10","coc",-0.264705882558823,-0.264705882558823,-0.362745098156863,-0.362745098156863,-0.107843137401961,-0.107843137401961,-0.382352941401961,-0.382352941401961,NA,NA,NA,NA,NA,NA,NA,NA,NA,NA,NA,NA,NA,NA,NA,NA,NA,NA,NA,NA,-0.3462745095,-0.3462745095,NA,NA,NA,NA,NA,NA,NA,NA,NA,NA,NA,NA,NA,NA,NA,NA,NA,NA,NA,NA,NA,NA,NA,NA,NA,NA,NA,NA,NA,NA,NA,NA,-0.117647058990196,-0.117647058990196,-0.0882352940588236,-0.0882352940588236,-0.156862745352941,-0.156862745352941,NA,NA,NA,NA,NA,NA,NA,NA,NA,NA,NA,NA,-0.323529411382353,-0.323529411382353,NA,NA,NA,NA,NA,NA,NA,NA,NA,NA,NA,NA,NA,NA,NA,NA,NA,NA,NA,NA,NA,NA,NA,NA,NA,NA,NA,NA,NA,NA,NA,NA,-0.333333333313725,-0.333333333313725,NA,NA
"11","cwsrf_emerging_combined",-0.39215686272549,-0.39215686272549,-0.519607843088235,-0.519607843088235,-0.294117647019608,-0.294117647019608,-0.431372548803922,-0.431372548803922,NA,NA,NA,NA,NA,NA,NA,NA,NA,NA,NA,NA,NA,NA,NA,NA,NA,NA,-0.194901961,-0.194901961,NA,NA,NA,NA,NA,NA,NA,NA,-0.107843137156863,-0.107843137156863,NA,NA,NA,NA,NA,NA,NA,NA,NA,NA,NA,NA,NA,NA,NA,NA,NA,NA,NA,NA,NA,NA,NA,NA,NA,NA,NA,NA,NA,NA,NA,NA,NA,NA,NA,NA,NA,NA,-0.254901961166667,-0.254901961166667,-0.284313725764706,-0.284313725764706,NA,NA,NA,NA,NA,NA,NA,NA,NA,NA,NA,NA,NA,NA,NA,NA,NA,NA,NA,NA,NA,NA,NA,NA,NA,NA,NA,NA,-0.101764706,-0.101764706,NA,NA,NA,NA,NA,NA,-0.176470588147059,-0.176470588147059
"12","cwsrf_general_combined",-0.362745098392157,-0.362745098392157,-0.519607843088235,-0.519607843088235,-0.294117646931373,-0.294117646931373,-0.431372549019608,-0.431372549019608,NA,NA,NA,NA,NA,NA,NA,NA,NA,NA,NA,NA,NA,NA,NA,NA,NA,NA,-0.212352941,-0.212352941,NA,NA,NA,NA,NA,NA,NA,NA,-0.117647058627451,-0.117647058627451,NA,NA,NA,NA,NA,NA,NA,NA,NA,NA,NA,NA,NA,NA,NA,NA,NA,NA,NA,NA,NA,NA,NA,NA,NA,NA,NA,NA,NA,NA,NA,NA,NA,NA,NA,NA,NA,NA,-0.254901961166667,-0.254901961166667,-0.294117647147059,-0.294117647147059,NA,NA,NA,NA,NA,NA,NA,NA,NA,NA,NA,NA,NA,NA,NA,NA,NA,NA,NA,NA,NA,NA,NA,NA,NA,NA,NA,NA,-0.1205882355,-0.1205882355,NA,NA,NA,NA,NA,NA,-0.186274509647058,-0.186274509647058
"13","doe_bead_initial",-0.274509803941177,-0.274509803941177,-0.411764706176471,-0.411764706176471,-0.470588235166666,-0.470588235166666,-0.343137254764706,-0.343137254764706,NA,NA,NA,NA,NA,NA,NA,NA,NA,NA,NA,NA,NA,NA,NA,NA,-0.235294117558824,-0.235294117558824,NA,NA,NA,NA,NA,NA,NA,NA,NA,NA,NA,NA,NA,NA,NA,NA,NA,NA,NA,NA,NA,NA,NA,NA,NA,NA,NA,NA,NA,NA,NA,NA,-0.323529411813726,-0.323529411813726,NA,NA,NA,NA,NA,NA,NA,NA,NA,NA,NA,NA,NA,NA,NA,NA,NA,NA,NA,NA,NA,NA,NA,NA,NA,NA,NA,NA,NA,NA,NA,NA,NA,NA,NA,NA,NA,NA,NA,NA,NA,NA,NA,NA,NA,NA,NA,NA,NA,NA,NA,NA,NA,NA,NA,NA,NA,NA
"14","doe_nuclear",-0.735294117647058,NA,-0.754901960784313,NA,-0.735294117647058,NA,-0.754901960784313,NA,NA,NA,NA,NA,NA,NA,NA,NA,NA,NA,NA,NA,NA,NA,NA,NA,NA,NA,-0.75,NA,NA,NA,NA,NA,NA,NA,NA,NA,NA,NA,NA,NA,NA,NA,NA,NA,NA,NA,NA,NA,NA,NA,NA,NA,-0.73,NA,NA,NA,-0.75,NA,NA,NA,NA,NA,NA,NA,NA,NA,NA,NA,NA,NA,NA,NA,NA,NA,NA,NA,NA,NA,NA,NA,NA,NA,NA,NA,NA,NA,NA,NA,-0.73,NA,NA,NA,NA,NA,NA,NA,NA,NA,NA,NA,NA,NA,NA,NA,NA,NA,NA,NA,NA,NA,NA,NA,NA,NA,NA,NA,NA,NA
"15","doe_weatherization",-0.431372549421569,-0.447450980392157,-0.441176470627451,-0.443529411764706,-0.431372548911764,-0.447843137254902,-0.372549019441176,-0.369803921568627,NA,NA,NA,NA,NA,NA,NA,NA,NA,NA,NA,NA,NA,NA,NA,NA,NA,NA,NA,NA,-0.310980392,-0.32,NA,NA,NA,NA,NA,NA,NA,NA,NA,NA,NA,NA,NA,NA,-0.0490196078529411,-0.0478431372549019,NA,NA,NA,NA,NA,NA,NA,NA,NA,NA,NA,NA,NA,NA,NA,NA,NA,NA,-0.421568627539216,-0.423137254901961,-0.254901960872549,-0.266078431372549,NA,NA,NA,NA,NA,NA,NA,NA,NA,NA,NA,NA,NA,NA,NA,NA,NA,NA,NA,NA,NA,NA,NA,NA,NA,NA,NA,NA,NA,NA,NA,NA,NA,NA,NA,NA,NA,NA,NA,NA,NA,NA,NA,NA,NA,NA,NA,NA,NA,NA
"16","doi_aging_infra",-0.696078431372549,-0.327985739568627,-0.754901960784313,-0.0294117647058824,-0.735294117647058,-0.202317290598039,-0.735294117647058,0.126559714431373,NA,NA,NA,NA,NA,NA,NA,NA,NA,NA,NA,NA,NA,NA,NA,NA,NA,NA,NA,NA,NA,NA,NA,NA,NA,NA,NA,NA,NA,NA,NA,NA,NA,NA,NA,NA,NA,NA,NA,NA,NA,NA,NA,NA,NA,NA,NA,NA,NA,NA,NA,NA,NA,NA,NA,NA,NA,NA,NA,NA,NA,NA,NA,NA,NA,NA,NA,NA,NA,NA,NA,NA,NA,NA,NA,NA,NA,NA,NA,NA,NA,NA,NA,NA,NA,NA,NA,NA,NA,NA,NA,NA,NA,NA,NA,NA,NA,NA,NA,NA,NA,NA,NA,NA,NA,NA,NA,NA,-0.617647058823529,-0.315508021117647
"17","doi_rural_water",-0.735294117647058,-0.141176470588235,-0.735294117647058,-0.141176470588235,-0.754901960784313,NA,-0.715686274509803,-0.154901960784314,NA,NA,NA,NA,NA,NA,NA,NA,NA,NA,NA,NA,NA,NA,NA,NA,NA,NA,-0.75,-0.34,NA,NA,NA,NA,NA,NA,NA,NA,-0.676470588235294,-0.301960784313726,NA,NA,NA,NA,NA,NA,NA,NA,NA,NA,NA,NA,NA,NA,NA,NA,NA,NA,NA,NA,NA,NA,NA,NA,NA,NA,NA,NA,NA,NA,NA,NA,NA,NA,NA,NA,NA,NA,NA,NA,NA,NA,NA,NA,NA,NA,NA,NA,NA,NA,NA,NA,NA,NA,NA,NA,NA,NA,NA,NA,NA,NA,NA,NA,NA,NA,NA,NA,NA,NA,-0.71,-0.16,NA,NA,NA,NA,NA,NA,-0.696078431372549,-0.154901960784314
"18","doi_water_recycle",-0.696078431372549,-0.454901960784314,-0.745098039215686,-0.127450980392156,-0.725490196078431,-0.337254901960784,-0.754901960784313,-0.0666666666666668,NA,NA,NA,NA,NA,NA,NA,NA,NA,NA,NA,NA,NA,NA,NA,NA,NA,NA,-0.75,-0.72,NA,NA,NA,NA,NA,NA,NA,NA,-0.754901960784313,-0.125490196078431,NA,NA,NA,NA,NA,NA,NA,NA,NA,NA,NA,NA,NA,NA,NA,NA,NA,NA,NA,NA,NA,NA,NA,NA,NA,NA,NA,NA,NA,NA,NA,NA,NA,NA,NA,NA,NA,NA,NA,NA,NA,NA,NA,NA,NA,NA,NA,NA,NA,NA,NA,NA,NA,NA,NA,NA,NA,NA,NA,NA,NA,NA,NA,NA,NA,NA,NA,NA,NA,NA,-0.74,0,NA,NA,NA,NA,NA,NA,-0.735294117647058,-0.262745098039216
"19","doi_water_storage",-0.715686274509804,-0.370098039215686,-0.754901960784313,-0.0490196078431373,-0.735294117647058,-0.281862745098039,-0.735294117647058,-0.291666666666667,NA,NA,NA,NA,NA,NA,NA,NA,NA,NA,NA,NA,NA,NA,NA,NA,NA,NA,-0.75,-0.39,NA,NA,NA,NA,NA,NA,NA,NA,-0.735294117647058,-0.0245098039215685,NA,NA,NA,NA,NA,NA,NA,NA,NA,NA,NA,NA,NA,NA,NA,NA,NA,NA,NA,NA,NA,NA,NA,NA,NA,NA,NA,NA,NA,NA,NA,NA,NA,NA,NA,NA,NA,NA,NA,NA,NA,NA,NA,NA,NA,NA,NA,NA,NA,NA,NA,NA,NA,NA,NA,NA,NA,NA,NA,NA,NA,NA,NA,NA,NA,NA,NA,NA,NA,NA,-0.71,-0.6,NA,NA,NA,NA,NA,NA,-0.725490196078431,-0.477941176470588
"20","dwsrf_emerging_combined",-0.274509804284314,-0.274509804284314,-0.401960784215686,-0.401960784215686,-0.431372548921569,-0.431372548921569,-0.323529411872549,-0.323529411872549,NA,NA,NA,NA,NA,NA,NA,NA,NA,NA,NA,NA,NA,NA,NA,NA,NA,NA,-0.4447058825,-0.4447058825,NA,NA,NA,NA,NA,NA,NA,NA,-0.0686274510784313,-0.0686274510784313,NA,NA,NA,NA,NA,NA,NA,NA,NA,NA,NA,NA,NA,NA,NA,NA,NA,NA,NA,NA,NA,NA,NA,NA,NA,NA,NA,NA,NA,NA,NA,NA,NA,NA,NA,NA,NA,NA,-0.284313725215686,-0.284313725215686,-0.264705882078431,-0.264705882078431,NA,NA,NA,NA,NA,NA,NA,NA,NA,NA,NA,NA,NA,NA,NA,NA,NA,NA,NA,NA,NA,NA,NA,NA,NA,NA,NA,NA,-0.1349019605,-0.1349019605,NA,NA,NA,NA,NA,NA,-0.166666666833334,-0.166666666833334
"21","dwsrf_general_combined",-0.274509804284314,-0.274509804284314,-0.401960784215686,-0.401960784215686,-0.431372548921569,-0.431372548921569,-0.323529411872549,-0.323529411872549,NA,NA,NA,NA,NA,NA,NA,NA,NA,NA,NA,NA,NA,NA,NA,NA,NA,NA,-0.4447058825,-0.4447058825,NA,NA,NA,NA,NA,NA,NA,NA,-0.0686274510784313,-0.0686274510784313,NA,NA,NA,NA,NA,NA,NA,NA,NA,NA,NA,NA,NA,NA,NA,NA,NA,NA,NA,NA,NA,NA,NA,NA,NA,NA,NA,NA,NA,NA,NA,NA,NA,NA,NA,NA,NA,NA,-0.284313725215686,-0.284313725215686,-0.264705882078431,-0.264705882078431,NA,NA,NA,NA,NA,NA,NA,NA,NA,NA,NA,NA,NA,NA,NA,NA,NA,NA,NA,NA,NA,NA,NA,NA,NA,NA,NA,NA,-0.144705882,-0.144705882,NA,NA,NA,NA,NA,NA,-0.176470588333334,-0.176470588333334
"22","dwsrf_lead_combined",-0.274509804284314,-0.274509804284314,-0.401960784215686,-0.401960784215686,-0.431372548921569,-0.431372548921569,-0.323529411872549,-0.323529411872549,NA,NA,NA,NA,NA,NA,NA,NA,NA,NA,NA,NA,NA,NA,NA,NA,NA,NA,-0.4447058825,-0.4447058825,NA,NA,NA,NA,NA,NA,NA,NA,-0.0686274510784313,-0.0686274510784313,NA,NA,NA,NA,NA,NA,NA,NA,NA,NA,NA,NA,NA,NA,NA,NA,NA,NA,NA,NA,NA,NA,NA,NA,NA,NA,NA,NA,NA,NA,NA,NA,NA,NA,NA,NA,NA,NA,-0.284313725215686,-0.284313725215686,-0.264705882078431,-0.264705882078431,NA,NA,NA,NA,NA,NA,NA,NA,NA,NA,NA,NA,NA,NA,NA,NA,NA,NA,NA,NA,NA,NA,NA,NA,NA,NA,NA,NA,-0.144705882,-0.144705882,NA,NA,NA,NA,NA,NA,-0.176470588333334,-0.176470588333334
"23","elderly",-0.245098038980392,-0.245098038980392,-0.333333333019608,-0.333333333019608,-0.117647058833333,-0.117647058833333,-0.382352940990196,-0.382352940990196,NA,NA,-0.254901960470588,-0.254901960470588,NA,NA,NA,NA,NA,NA,NA,NA,NA,NA,NA,NA,NA,NA,NA,NA,-0.2588235295,-0.2588235295,NA,NA,NA,NA,NA,NA,NA,NA,NA,NA,NA,NA,NA,NA,NA,NA,NA,NA,NA,NA,NA,NA,NA,NA,NA,NA,NA,NA,NA,NA,NA,NA,-0.147058823578432,-0.147058823578432,-0.27450980367647,-0.27450980367647,-0.245098039245098,-0.245098039245098,-0.00980392151960785,-0.00980392151960785,NA,NA,NA,NA,NA,NA,-0.294117647235294,-0.294117647235294,-0.274509803588235,-0.274509803588235,-0.225490196107843,-0.225490196107843,NA,NA,-0.0744297716734694,-0.0744297716734694,NA,NA,NA,NA,NA,NA,NA,NA,NA,NA,NA,NA,NA,NA,NA,NA,NA,NA,NA,NA,NA,NA,NA,NA,NA,NA,NA,NA,-0.333333333490196,-0.333333333490196,NA,NA
"24","ferry_rural_comms",-0.754901960784313,-0.166666666666667,-0.754901960784313,-0.529411764872549,-0.754901960784313,-0.490196078598039,-0.735294117647058,-0.313725490529412,NA,NA,NA,NA,NA,NA,NA,NA,NA,NA,-0.73,-0.1333333335,NA,NA,NA,NA,NA,NA,NA,NA,NA,NA,-0.71,-0.7733333335,-0.75,-0.681818181818182,NA,NA,NA,NA,NA,NA,-0.71,-0.1166666665,-0.71,-0.233333333,NA,NA,NA,NA,NA,NA,NA,NA,NA,NA,-0.735294117647058,0.156862745264706,NA,NA,NA,NA,NA,NA,NA,NA,NA,NA,NA,NA,NA,NA,NA,NA,NA,NA,NA,NA,NA,NA,NA,NA,NA,NA,NA,NA,NA,NA,NA,NA,NA,NA,-0.754901960784313,-0.176470588568627,-0.75,0.458333333333333,NA,NA,NA,NA,NA,NA,NA,NA,NA,NA,NA,NA,NA,NA,NA,NA,-0.8,-0.3866666665,NA,NA,NA,NA,NA,NA
"25","fhwa_app",-0.696078431372549,-0.247058823529412,-0.598039215686274,-0.243137254901961,-0.647058823529412,-0.483333333333334,-0.617647058823529,-0.251960784313725,NA,NA,NA,NA,NA,NA,NA,NA,-0.71,-0.12,-0.73,-0.5,NA,NA,NA,NA,NA,NA,NA,NA,NA,NA,-0.61,-0.26,NA,NA,NA,NA,NA,NA,NA,NA,NA,NA,NA,NA,NA,NA,NA,NA,NA,NA,NA,NA,NA,NA,NA,NA,NA,NA,NA,NA,-0.71,0.08,NA,NA,NA,NA,NA,NA,NA,NA,NA,NA,NA,NA,NA,NA,NA,NA,NA,NA,NA,NA,NA,NA,NA,NA,NA,NA,NA,NA,NA,NA,NA,NA,NA,NA,NA,NA,NA,NA,NA,NA,NA,NA,NA,NA,NA,NA,NA,NA,NA,NA,NA,NA,NA,NA,NA,NA
"26","fhwa_bridge",-0.382352941127451,-0.382352941127451,-0.421568627460784,-0.421568627460784,-0.333333333009804,-0.333333333009804,-0.411764705558823,-0.411764705558823,NA,NA,NA,NA,NA,NA,NA,NA,NA,NA,-0.22,-0.22,-0.2815686275,-0.2815686275,-0.156862745,-0.156862745,NA,NA,NA,NA,NA,NA,-0.476470588,-0.476470588,NA,NA,NA,NA,NA,NA,NA,NA,NA,NA,NA,NA,NA,NA,NA,NA,-0.300392157,-0.300392157,NA,NA,NA,NA,-0.176470588352941,-0.176470588352941,NA,NA,NA,NA,NA,NA,NA,NA,NA,NA,NA,NA,NA,NA,NA,NA,NA,NA,NA,NA,NA,NA,NA,NA,NA,NA,NA,NA,NA,NA,NA,NA,NA,NA,-0.362745098421569,-0.362745098421569,NA,NA,NA,NA,NA,NA,NA,NA,NA,NA,NA,NA,NA,NA,NA,NA,NA,NA,NA,NA,NA,NA,NA,NA,NA,NA
"27","fhwa_carbon",-0.411764705735294,-0.409803921568627,-0.254901961009804,-0.249411764705882,-0.382352941196079,-0.381960784313725,-0.166666666578431,-0.168627450980392,NA,NA,NA,NA,NA,NA,NA,NA,NA,NA,-0.374509804,-0.39,NA,NA,NA,NA,NA,NA,-0.432745098,-0.45,NA,NA,-0.3205882355,-0.33,NA,NA,NA,NA,NA,NA,NA,NA,NA,NA,NA,NA,NA,NA,NA,NA,NA,NA,NA,NA,NA,NA,NA,NA,NA,NA,NA,NA,NA,NA,NA,NA,NA,NA,NA,NA,NA,NA,NA,NA,NA,NA,NA,NA,NA,NA,NA,NA,NA,NA,NA,NA,NA,NA,NA,NA,NA,NA,NA,NA,-0.408088235,-0.4175,NA,NA,NA,NA,NA,NA,NA,NA,NA,NA,NA,NA,NA,NA,NA,NA,NA,NA,NA,NA,NA,NA,NA,NA
"28","fhwa_cmaq",-0.274509804049019,-0.249411764705882,-0.362745098078431,-0.345098039215686,-0.186274509813726,-0.182352941176471,-0.450980391941177,-0.463529411764706,NA,NA,NA,NA,NA,NA,NA,NA,NA,NA,NA,NA,NA,NA,NA,NA,NA,NA,-0.233137255,-0.24,NA,NA,-0.386078431,-0.4,NA,NA,NA,NA,NA,NA,NA,NA,NA,NA,NA,NA,NA,NA,NA,NA,NA,NA,NA,NA,NA,NA,NA,NA,NA,NA,NA,NA,-0.203921569,-0.21,NA,NA,NA,NA,NA,NA,NA,NA,NA,NA,NA,NA,NA,NA,NA,NA,NA,NA,NA,NA,NA,NA,NA,NA,NA,NA,NA,NA,NA,NA,NA,NA,NA,NA,NA,NA,NA,NA,NA,NA,NA,NA,NA,NA,NA,NA,NA,NA,NA,NA,NA,NA,NA,NA,NA,NA
"29","fhwa_ev",-0.411764705735294,-0.411764705735294,-0.264705882245098,-0.264705882245098,-0.392156863009804,-0.392156863009804,-0.156862745284313,-0.156862745284313,NA,NA,NA,NA,NA,NA,NA,NA,NA,NA,-0.3939215685,-0.3939215685,NA,NA,NA,NA,NA,NA,-0.429607843,-0.429607843,NA,NA,-0.330392157,-0.330392157,NA,NA,NA,NA,NA,NA,NA,NA,NA,NA,NA,NA,NA,NA,NA,NA,NA,NA,NA,NA,NA,NA,NA,NA,NA,NA,NA,NA,NA,NA,NA,NA,NA,NA,NA,NA,NA,NA,NA,NA,NA,NA,NA,NA,NA,NA,NA,NA,NA,NA,NA,NA,NA,NA,NA,NA,NA,NA,NA,NA,NA,NA,NA,NA,NA,NA,NA,NA,NA,NA,NA,NA,NA,NA,NA,NA,NA,NA,NA,NA,NA,NA,NA,NA,NA,NA
"30","fhwa_highway_freight",-0.411764705735294,-0.409803921568627,-0.264705882245098,-0.240392156862745,-0.392156863009804,-0.385882352941177,-0.156862745284313,-0.161176470588235,NA,NA,NA,NA,NA,NA,NA,NA,NA,NA,NA,NA,NA,NA,NA,NA,NA,NA,NA,NA,NA,NA,-0.330392157,-0.34,NA,NA,NA,NA,NA,NA,NA,NA,NA,NA,NA,NA,NA,NA,NA,NA,-0.1215686275,-0.13,NA,NA,NA,NA,NA,NA,NA,NA,NA,NA,-0.0696078435,-0.08,NA,NA,NA,NA,NA,NA,NA,NA,NA,NA,NA,NA,NA,NA,NA,NA,NA,NA,NA,NA,NA,NA,NA,NA,NA,NA,NA,NA,NA,NA,NA,NA,NA,NA,-0.025490196,-0.03,NA,NA,NA,NA,NA,NA,NA,NA,NA,NA,NA,NA,NA,NA,-0.388977212702703,-0.402702702702703,NA,NA,NA,NA
"31","fhwa_metro_plan",-0.284313725215686,-0.286666666666667,-0.431372549264705,-0.44156862745098,-0.156862745382353,-0.16156862745098,-0.421568627509804,-0.428235294117647,NA,NA,NA,NA,NA,NA,NA,NA,NA,NA,-0.2288235295,-0.24,NA,NA,NA,NA,NA,NA,NA,NA,NA,NA,-0.3615686275,-0.37,NA,NA,NA,NA,NA,NA,NA,NA,NA,NA,NA,NA,NA,NA,NA,NA,NA,NA,NA,NA,NA,NA,NA,NA,NA,NA,NA,NA,NA,NA,NA,NA,NA,NA,NA,NA,NA,NA,NA,NA,NA,NA,NA,NA,NA,NA,NA,NA,NA,NA,NA,NA,NA,NA,NA,NA,NA,NA,NA,NA,-0.0955882353333334,-0.0983333333333334,NA,NA,NA,NA,NA,NA,NA,NA,NA,NA,NA,NA,NA,NA,NA,NA,NA,NA,NA,NA,NA,NA,NA,NA
"32","fhwa_nhpp",-0.411764705735294,-0.409803921568627,-0.254901961009804,-0.249411764705882,-0.382352941196079,-0.381960784313725,-0.166666666578431,-0.168627450980392,-0.333333333235294,-0.286666666666667,NA,NA,NA,NA,NA,NA,-0.074117647,-0.08,-0.374509804,-0.39,NA,NA,NA,NA,NA,NA,NA,NA,NA,NA,-0.3205882355,-0.33,NA,NA,NA,NA,NA,NA,NA,NA,NA,NA,NA,NA,NA,NA,NA,NA,-0.110588235,-0.12,NA,NA,NA,NA,NA,NA,NA,NA,NA,NA,-0.0696078435,-0.08,NA,NA,NA,NA,NA,NA,NA,NA,NA,NA,NA,NA,NA,NA,NA,NA,NA,NA,NA,NA,NA,NA,NA,NA,NA,NA,NA,NA,NA,NA,NA,NA,NA,NA,NA,NA,NA,NA,NA,NA,NA,NA,NA,NA,NA,NA,NA,NA,NA,NA,NA,NA,NA,NA,NA,NA
"33","fhwa_protect",-0.411764705735294,-0.409803921568627,-0.254901961009804,-0.249411764705882,-0.382352941196079,-0.381960784313725,-0.166666666578431,-0.168627450980392,NA,NA,NA,NA,NA,NA,NA,NA,NA,NA,NA,NA,NA,NA,NA,NA,NA,NA,-0.432745098,-0.45,NA,NA,-0.3205882355,-0.33,NA,NA,NA,NA,NA,NA,NA,NA,NA,NA,NA,NA,NA,NA,NA,NA,-0.110588235,-0.12,NA,NA,NA,NA,NA,NA,NA,NA,NA,NA,-0.0696078435,-0.08,NA,NA,NA,NA,NA,NA,NA,NA,NA,NA,NA,NA,NA,NA,NA,NA,NA,NA,NA,NA,NA,NA,NA,NA,NA,NA,NA,NA,NA,NA,NA,NA,NA,NA,NA,NA,NA,NA,NA,NA,NA,NA,NA,NA,NA,NA,NA,NA,NA,NA,NA,NA,NA,NA,NA,NA
"34","fhwa_railway",-0.441176470284314,-0.443137254901961,-0.323529411578432,-0.306666666666667,-0.303921568460784,-0.305490196078431,-0.254901960627451,-0.26078431372549,NA,NA,NA,NA,NA,NA,NA,NA,NA,NA,-0.3374509805,-0.35,NA,NA,NA,NA,NA,NA,NA,NA,NA,NA,-0.414509804,-0.43,NA,NA,NA,NA,NA,NA,NA,NA,NA,NA,NA,NA,NA,NA,NA,NA,-0.191176471,-0.2,NA,NA,NA,NA,NA,NA,NA,NA,NA,NA,-0.0543137255,-0.0599999999999999,NA,NA,NA,NA,NA,NA,NA,NA,NA,NA,NA,NA,NA,NA,NA,NA,NA,NA,NA,NA,NA,NA,NA,NA,NA,NA,NA,NA,NA,NA,NA,NA,-0.421568627764705,-0.434901960784314,-0.005490196,-0.01,-0.133137255,-0.14,-0.1003921565,-0.11,-0.142352941,-0.15,NA,NA,NA,NA,NA,NA,NA,NA,NA,NA,NA,NA,NA,NA
"35","fhwa_safety",-0.411764705735294,-0.423137254901961,-0.235294117588235,-0.220392156862745,-0.352941176852941,-0.323921568627451,-0.156862745078432,-0.149803921568627,NA,NA,NA,NA,NA,NA,NA,NA,-0.102352941,-0.11,-0.347647059,-0.36,NA,NA,NA,NA,NA,NA,NA,NA,NA,NA,-0.308627451,-0.32,NA,NA,NA,NA,NA,NA,NA,NA,NA,NA,NA,NA,NA,NA,NA,NA,-0.1011764705,-0.11,NA,NA,NA,NA,NA,NA,NA,NA,NA,NA,-0.071372549,-0.08,NA,NA,NA,NA,NA,NA,NA,NA,NA,NA,NA,NA,NA,NA,NA,NA,NA,NA,NA,NA,NA,NA,NA,NA,NA,NA,NA,NA,NA,NA,NA,NA,NA,NA,NA,NA,NA,NA,NA,NA,NA,NA,NA,NA,NA,NA,NA,NA,NA,NA,NA,NA,NA,NA,NA,NA
"36","fhwa_stp",-0.411764705735294,-0.409803921568627,-0.254901961009804,-0.249411764705882,-0.382352941196079,-0.381960784313725,-0.166666666578431,-0.168627450980392,-0.333333333235294,-0.286666666666667,NA,NA,NA,NA,NA,NA,-0.074117647,-0.08,-0.374509804,-0.39,NA,NA,NA,NA,NA,NA,NA,NA,NA,NA,-0.3205882355,-0.33,NA,NA,-0.431372549127451,-0.423529411764706,NA,NA,NA,NA,NA,NA,NA,NA,NA,NA,NA,NA,-0.110588235,-0.12,NA,NA,NA,NA,-0.352941176441177,-0.364901960784313,NA,NA,NA,NA,-0.0696078435,-0.08,NA,NA,NA,NA,NA,NA,NA,NA,NA,NA,NA,NA,NA,NA,NA,NA,NA,NA,NA,NA,NA,NA,NA,NA,NA,NA,NA,NA,-0.431372549098039,-0.445098039215686,-0.408088235,-0.4175,NA,NA,NA,NA,NA,NA,NA,NA,NA,NA,NA,NA,NA,NA,NA,NA,-0.152941176,-0.16,NA,NA,NA,NA,NA,NA
"37","fmcsa_21",-0.392156862607843,-0.392156862607843,-0.274509804176471,-0.274509804176471,-0.441176470509804,-0.441176470509804,-0.215686274372549,-0.215686274372549,NA,NA,NA,NA,NA,NA,NA,NA,NA,NA,NA,NA,NA,NA,NA,NA,NA,NA,NA,NA,NA,NA,-0.408627451,-0.408627451,NA,NA,NA,NA,NA,NA,NA,NA,NA,NA,NA,NA,NA,NA,NA,NA,-0.0894117645,-0.0894117645,NA,NA,NA,NA,NA,NA,NA,NA,NA,NA,NA,NA,NA,NA,NA,NA,NA,NA,NA,NA,NA,NA,NA,NA,NA,NA,NA,NA,NA,NA,NA,NA,NA,NA,NA,NA,NA,NA,NA,NA,NA,NA,NA,NA,NA,NA,NA,NA,NA,NA,NA,NA,NA,NA,NA,NA,NA,NA,NA,NA,NA,NA,-0.335453099864865,-0.335453099864865,NA,NA,NA,NA
"38","fra_rail_cross",-0.294117647313725,-0.409867172352941,-0.284313725647059,-0.240354206392157,-0.205882353009804,-0.320050600627451,-0.284313725284313,-0.286527513941176,NA,NA,NA,NA,NA,NA,NA,NA,NA,NA,-0.3398039215,-0.1616129035,NA,NA,NA,NA,NA,NA,NA,NA,NA,NA,-0.3896078435,-0.261612903,NA,NA,NA,NA,NA,NA,NA,NA,NA,NA,NA,NA,NA,NA,NA,NA,-0.2494117645,-0.261935484,NA,NA,NA,NA,NA,NA,NA,NA,NA,NA,NA,NA,NA,NA,NA,NA,NA,NA,NA,NA,NA,NA,NA,NA,NA,NA,NA,NA,NA,NA,NA,NA,NA,NA,NA,NA,NA,NA,NA,NA,NA,NA,NA,NA,-0.137254902196078,-0.280202403509804,-0.2198039215,-0.0387096775,-0.033529412,-0.11483871,-0.066862745,-0.0838709679999999,-0.1998039215,-0.2474193545,NA,NA,NA,NA,NA,NA,NA,NA,NA,NA,NA,NA,NA,NA
"39","fs_wildfire",-0.588235294117647,-0.182072828941176,-0.637254901960784,-0.375350140460785,-0.725490196078431,-0.301120448441176,-0.637254901960784,-0.411764706049019,NA,NA,NA,NA,NA,NA,NA,NA,NA,NA,NA,NA,NA,NA,NA,NA,NA,NA,-0.68,-0.497142857,NA,NA,NA,NA,NA,NA,NA,NA,NA,NA,-0.598039215686274,-0.128851540568627,NA,NA,NA,NA,NA,NA,NA,NA,NA,NA,NA,NA,-0.57,-0.17047619,NA,NA,NA,NA,NA,NA,NA,NA,NA,NA,NA,NA,NA,NA,NA,NA,NA,NA,NA,NA,NA,NA,NA,NA,NA,NA,NA,NA,-0.5625,-0.291666667,NA,NA,-0.645833333333333,-0.318452380666667,NA,NA,NA,NA,NA,NA,NA,NA,NA,NA,NA,NA,NA,NA,NA,NA,NA,NA,NA,NA,NA,NA,NA,NA,NA,NA,NA,NA,NA,NA
"40","fta_5305_combined",-0.176470588107843,-0.176470588107843,-0.274509804166666,-0.274509804166666,-0.166666666519608,-0.166666666519608,-0.392156863166667,-0.392156863166667,NA,NA,NA,NA,NA,NA,NA,NA,-0.3649019605,-0.3649019605,-0.2229411765,-0.2229411765,NA,NA,NA,NA,NA,NA,NA,NA,NA,NA,-0.3586274505,-0.3586274505,NA,NA,-0.166666666539216,-0.166666666539216,NA,NA,NA,NA,NA,NA,-0.394117647,-0.394117647,NA,NA,NA,NA,NA,NA,NA,NA,NA,NA,-0.166666666627451,-0.166666666627451,NA,NA,NA,NA,-0.284705882,-0.284705882,NA,NA,NA,NA,NA,NA,NA,NA,NA,NA,NA,NA,NA,NA,NA,NA,NA,NA,NA,NA,NA,NA,NA,NA,NA,NA,NA,NA,-0.166666666764706,-0.166666666764706,-0.0759803923333334,-0.0759803923333334,NA,NA,NA,NA,NA,NA,NA,NA,NA,NA,NA,NA,NA,NA,NA,NA,-0.582745098,-0.582745098,NA,NA,NA,NA,NA,NA
"41","fta_5307_5340",-0.176470587950981,-0.176470587950981,-0.352941176294117,-0.352941176294117,-0.0784313728823531,-0.0784313728823531,-0.382352940941177,-0.382352940941177,-0.0392156863333333,-0.0392156863333333,NA,NA,NA,NA,NA,NA,-0.454117647,-0.454117647,-0.12372549,-0.12372549,NA,NA,NA,NA,NA,NA,NA,NA,NA,NA,-0.3021568625,-0.3021568625,NA,NA,-0.0686274509019608,-0.0686274509019608,NA,NA,NA,NA,NA,NA,-0.4647058825,-0.4647058825,NA,NA,NA,NA,NA,NA,NA,NA,NA,NA,-0.0294117645392157,-0.0294117645392157,NA,NA,NA,NA,-0.384509804,-0.384509804,NA,NA,NA,NA,NA,NA,NA,NA,NA,NA,NA,NA,NA,NA,NA,NA,NA,NA,NA,NA,NA,NA,NA,NA,NA,NA,NA,NA,-0.00980392153921564,-0.00980392153921564,-0.0232843136666666,-0.0232843136666666,NA,NA,NA,NA,NA,NA,NA,NA,NA,NA,NA,NA,NA,NA,NA,NA,-0.525490196,-0.525490196,NA,NA,NA,NA,NA,NA
"42","fta_5310",-0.0980392155392155,-0.123614663539216,-0.343137254784314,-0.354859334647059,-0.00980392181372548,-0.0321824381274509,-0.382352941078431,-0.44096334140196,NA,NA,-0.225490195901961,-0.167092924039216,NA,NA,NA,NA,-0.534117647,-0.399130435,-0.12,-0.172173913,NA,NA,NA,NA,NA,NA,NA,NA,NA,NA,-0.1435294115,-0.178695652,NA,NA,NA,NA,NA,NA,NA,NA,NA,NA,NA,NA,NA,NA,NA,NA,NA,NA,NA,NA,NA,NA,-0.156862745382353,-0.138533674078431,NA,NA,NA,NA,NA,NA,NA,NA,NA,NA,NA,NA,NA,NA,NA,NA,NA,NA,NA,NA,NA,NA,NA,NA,NA,NA,NA,NA,NA,NA,NA,NA,NA,NA,-0.0392156861078432,-0.0573316281078431,-0.0575980393333334,-0.0742753621666665,NA,NA,NA,NA,NA,NA,NA,NA,NA,NA,NA,NA,NA,NA,NA,NA,-0.42745098,-0.452173913,NA,NA,NA,NA,NA,NA
"43","fta_5311_combined",-0.352941176892156,-0.349411764705882,-0.274509804147059,-0.268235294117647,-0.333333333529412,-0.346666666666667,-0.0980392159901961,-0.107450980392157,NA,NA,NA,NA,NA,NA,NA,NA,-0.1601960785,-0.17,-0.3758823525,-0.38,NA,NA,NA,NA,NA,NA,NA,NA,NA,NA,-0.2182352945,-0.23,NA,NA,-0.372549019441176,-0.344313725490196,NA,NA,NA,NA,NA,NA,-0.102745098,-0.11,NA,NA,NA,NA,NA,NA,NA,NA,NA,NA,-0.313725489960785,-0.306666666666667,NA,NA,NA,NA,-0.1225490195,-0.12,NA,NA,NA,NA,NA,NA,NA,NA,NA,NA,NA,NA,NA,NA,NA,NA,NA,NA,NA,NA,NA,NA,NA,NA,NA,NA,NA,NA,-0.431372549078431,-0.422745098039216,-0.406862745333333,-0.406666666666667,NA,NA,NA,NA,NA,NA,NA,NA,NA,NA,NA,NA,NA,NA,NA,NA,-0.117647059,-0.12,NA,NA,NA,NA,NA,NA
"44","fta_5329_e",-0.186274510029412,-0.336375929509804,-0.235294117784314,-0.459770114666667,-0.186274509990196,-0.316430020352941,-0.411764706009804,-0.561866125588235,NA,NA,NA,NA,NA,NA,NA,NA,-0.69,-0.269655172,-0.160784314,-0.215172414,NA,NA,NA,NA,NA,NA,NA,NA,NA,NA,-0.3094117645,-0.4486206895,NA,NA,-0.137254902039216,-0.298850574833334,NA,NA,NA,NA,NA,NA,-0.7,-0.3668965515,NA,NA,NA,NA,NA,NA,NA,NA,NA,NA,NA,NA,NA,NA,NA,NA,-0.61,-0.026896552,NA,NA,NA,NA,NA,NA,NA,NA,NA,NA,NA,NA,NA,NA,NA,NA,NA,NA,NA,NA,NA,NA,NA,NA,NA,NA,NA,NA,NA,NA,-0.0220588233333334,-0.0833333333333333,NA,NA,NA,NA,NA,NA,NA,NA,NA,NA,NA,NA,NA,NA,NA,NA,-0.64,-0.5068965515,NA,NA,NA,NA,NA,NA
"45","fta_5337_combined",-0.235294117333333,-0.238486091901961,-0.392156862647059,-0.383036935588235,-0.0294117649411765,-0.0626994980784314,-0.460784313558823,-0.500683994411764,-0.0882352945098041,-0.153670770843137,NA,NA,NA,NA,NA,NA,-0.4449019605,-0.3706976745,-0.1715686275,-0.23255814,NA,NA,NA,NA,NA,NA,NA,NA,NA,NA,-0.276078431,-0.320930233,NA,NA,-0.0784313723529411,-0.0953032380392157,NA,NA,NA,NA,NA,NA,-0.5115686275,-0.4106976745,NA,NA,NA,NA,NA,NA,NA,NA,NA,NA,-0.0392156866764706,-0.0538075697254903,NA,NA,NA,NA,-0.378039216,-0.330697674,NA,NA,NA,NA,NA,NA,NA,NA,NA,NA,NA,NA,NA,NA,NA,NA,NA,NA,NA,NA,NA,NA,NA,NA,NA,NA,NA,NA,-0.0588235290490196,-0.126310989372549,-0.049019608,-0.0903585266666667,-0.0588235293235295,-0.107387141147058,NA,NA,NA,NA,NA,NA,NA,NA,NA,NA,NA,NA,NA,NA,-0.545098039,-0.546976744,NA,NA,NA,NA,NA,NA
"46","fta_5339",-0.352941176098039,-0.352941176098039,-0.480392157029412,-0.480392157029412,-0.431372549303922,-0.431372549303922,-0.529411764519607,-0.529411764519607,NA,NA,NA,NA,NA,NA,NA,NA,-0.210196078,-0.210196078,-0.2376470585,-0.2376470585,NA,NA,NA,NA,NA,NA,NA,NA,NA,NA,-0.4452941175,-0.4452941175,NA,NA,NA,NA,NA,NA,NA,NA,NA,NA,NA,NA,NA,NA,NA,NA,NA,NA,NA,NA,NA,NA,-0.166666666333333,-0.166666666333333,NA,NA,NA,NA,NA,NA,NA,NA,NA,NA,NA,NA,NA,NA,NA,NA,NA,NA,NA,NA,NA,NA,NA,NA,NA,NA,NA,NA,NA,NA,NA,NA,NA,NA,-0.274509804245099,-0.274509804245099,-0.218137255333333,-0.218137255333333,NA,NA,NA,NA,NA,NA,NA,NA,NA,NA,NA,NA,NA,NA,NA,NA,-0.502745098,-0.502745098,NA,NA,NA,NA,NA,NA
"47","fta_rail_vehicle",-0.715686274509804,-0.623529411764706,-0.754901960784313,-0.347058823529412,-0.676470588235294,-0.503921568627451,-0.725490196078431,-0.305882352941176,NA,NA,NA,NA,NA,NA,NA,NA,NA,NA,-0.69,-0.13,NA,NA,NA,NA,NA,NA,NA,NA,NA,NA,-0.73,-0.3,NA,NA,NA,NA,NA,NA,NA,NA,NA,NA,NA,NA,NA,NA,NA,NA,NA,NA,NA,NA,NA,NA,NA,NA,NA,NA,NA,NA,NA,NA,NA,NA,NA,NA,NA,NA,NA,NA,NA,NA,NA,NA,NA,NA,NA,NA,NA,NA,NA,NA,NA,NA,NA,NA,NA,NA,NA,NA,NA,NA,-0.729166666666667,-0.11875,-0.696078431372549,-0.0823529411764705,-0.75,0.3,NA,NA,NA,NA,-0.71,0,NA,NA,NA,NA,NA,NA,NA,NA,NA,NA,NA,NA,NA,NA
"48","fy_2022_ttp",-0.254901960764706,-0.321895424392157,-0.333333333245098,-0.412581699235295,-0.490196078382353,-0.57189542472549,-0.313725490156863,-0.227124183117647,NA,NA,NA,NA,NA,NA,NA,NA,-0.250392157,-0.138888889,-0.1519607845,-0.198888889,NA,NA,NA,NA,NA,NA,NA,NA,NA,NA,-0.3215686275,-0.392222222,NA,NA,NA,NA,NA,NA,NA,NA,NA,NA,NA,NA,NA,NA,NA,NA,-0.22,-0.188888889,NA,NA,NA,NA,-0.186274509784314,-0.148692810901961,NA,NA,NA,NA,-0.2898039215,-0.198888889,NA,NA,NA,NA,NA,NA,NA,NA,NA,NA,NA,NA,NA,NA,NA,NA,NA,NA,NA,NA,NA,NA,NA,NA,NA,NA,NA,NA,-0.333333333441176,-0.297385620803922,-0.272058824,-0.322916667,NA,NA,NA,NA,NA,NA,NA,NA,NA,NA,NA,NA,NA,NA,NA,NA,NA,NA,NA,NA,NA,NA,NA,NA
"49","hcv",-0.0980392160392155,-0.0980392160392155,-0.392156862892157,-0.392156862892157,-0.107843137254902,-0.107843137254902,-0.460784313598039,-0.460784313598039,NA,NA,NA,NA,NA,NA,NA,NA,NA,NA,NA,NA,NA,NA,NA,NA,NA,NA,NA,NA,-0.3245098035,-0.3245098035,NA,NA,NA,NA,NA,NA,NA,NA,NA,NA,NA,NA,NA,NA,NA,NA,NA,NA,NA,NA,NA,NA,NA,NA,NA,NA,NA,NA,NA,NA,NA,NA,-0.147058823284314,-0.147058823284314,-0.117647058921569,-0.117647058921569,-0.127450980176471,-0.127450980176471,NA,NA,-0.0392156862450981,-0.0392156862450981,NA,NA,NA,NA,-0.441176470941177,-0.441176470941177,-0.431372549235294,-0.431372549235294,-0.156862745352941,-0.156862745352941,NA,NA,-0.174869948469388,-0.174869948469388,NA,NA,NA,NA,NA,NA,NA,NA,NA,NA,NA,NA,NA,NA,NA,NA,NA,NA,NA,NA,NA,NA,NA,NA,NA,NA,NA,NA,-0.313725490352942,-0.313725490352942,NA,NA
"50","home",-0.343137254843137,-0.343137254843137,-0.333333333078431,-0.333333333078431,-0.147058823490196,-0.147058823490196,-0.333333333352941,-0.333333333352941,NA,NA,NA,NA,NA,NA,NA,NA,NA,NA,NA,NA,NA,NA,NA,NA,NA,NA,NA,NA,-0.2515686275,-0.2515686275,NA,NA,NA,NA,NA,NA,NA,NA,NA,NA,NA,NA,NA,NA,NA,NA,NA,NA,NA,NA,NA,NA,NA,NA,NA,NA,NA,NA,NA,NA,NA,NA,-0.264705882264705,-0.264705882264705,-0.254901960578432,-0.254901960578432,-0.294117647147058,-0.294117647147058,NA,NA,NA,NA,NA,NA,NA,NA,-0.245098039196078,-0.245098039196078,-0.274509804058824,-0.274509804058824,-0.333333333303921,-0.333333333303921,NA,NA,-0.133253301673469,-0.133253301673469,NA,NA,NA,NA,NA,NA,NA,NA,NA,NA,NA,NA,NA,NA,NA,NA,NA,NA,NA,NA,NA,NA,NA,NA,NA,NA,NA,NA,-0.196078431470588,-0.196078431470588,NA,NA
"51","indian_water",-0.715686274509804,-0.403921568627451,-0.725490196078431,-0.141176470588235,-0.754901960784313,NA,-0.715686274509803,-0.125490196078431,NA,NA,NA,NA,NA,NA,NA,NA,NA,NA,NA,NA,NA,NA,NA,NA,NA,NA,-0.75,-0.24,NA,NA,NA,NA,NA,NA,NA,NA,-0.725490196078431,-0.252941176470588,NA,NA,NA,NA,NA,NA,NA,NA,NA,NA,NA,NA,NA,NA,NA,NA,NA,NA,NA,NA,NA,NA,-0.75,0.4,NA,NA,NA,NA,NA,NA,NA,NA,NA,NA,NA,NA,NA,NA,NA,NA,NA,NA,NA,NA,NA,NA,NA,NA,NA,NA,NA,NA,NA,NA,NA,NA,NA,NA,NA,NA,NA,NA,NA,NA,NA,NA,NA,NA,NA,NA,-0.71,0.01,NA,NA,NA,NA,NA,NA,NA,NA
"52","infra",-0.303921568519607,-0.293672014078432,-0.186274509764705,-0.21479500854902,-0.215686274696078,-0.360962567117647,-0.549019607843137,-0.160873439921568,NA,NA,NA,NA,NA,NA,NA,NA,-0.73,0.00545454499999998,-0.303333333,-0.258181818,NA,NA,NA,NA,NA,NA,NA,NA,NA,NA,-0.425882353,-0.329090909,NA,NA,NA,NA,NA,NA,NA,NA,NA,NA,NA,NA,NA,NA,NA,NA,-0.6,-0.296363636,NA,NA,NA,NA,NA,NA,NA,NA,NA,NA,-0.71,0.0972727275,NA,NA,NA,NA,NA,NA,NA,NA,NA,NA,NA,NA,NA,NA,NA,NA,NA,NA,NA,NA,NA,NA,NA,NA,NA,NA,NA,NA,NA,NA,NA,NA,NA,NA,-0.72,-0.021818182,NA,NA,NA,NA,NA,NA,NA,NA,NA,NA,NA,NA,-0.64,-0.1463636365,NA,NA,NA,NA,NA,NA
"53","low_no_emission",-0.186274510078431,-0.233859397588235,-0.156862745490196,-0.233859397588235,-0.225490195882353,-0.247728359490196,-0.215686274735294,-0.334768053392157,-0.166666666441177,-0.249880440078431,NA,NA,NA,NA,NA,NA,-0.269607843,-0.2263414635,-0.2429411765,-0.2292682925,NA,NA,NA,NA,NA,NA,-0.230588235,-0.222926829,NA,NA,-0.250196078,-0.31902439,NA,NA,NA,NA,NA,NA,-0.205882352607843,-0.284074605147059,NA,NA,-0.295098039,-0.280487805,NA,NA,-0.2384313725,-0.217804878,NA,NA,NA,NA,-0.208627451,-0.1826829265,-0.205882352607843,-0.197991391617647,NA,NA,NA,NA,NA,NA,NA,NA,NA,NA,NA,NA,NA,NA,NA,NA,NA,NA,NA,NA,NA,NA,NA,NA,NA,NA,-0.267156863,-0.244664634,NA,NA,-0.308823529666667,-0.421747967333333,NA,NA,-0.225490195745098,-0.272596843176471,-0.181372549,-0.203252032166666,NA,NA,NA,NA,NA,NA,NA,NA,NA,NA,NA,NA,NA,NA,NA,NA,-0.288627451,-0.4175609755,NA,NA,NA,NA,NA,NA
"54","natural_gas",-0.637254901960784,-0.0816993461274512,-0.519607843137254,-0.282679738784314,-0.558823529411764,-0.35130718959804,-0.343137254715686,-0.34967320272549,NA,NA,NA,NA,NA,NA,NA,NA,NA,NA,NA,NA,NA,NA,NA,NA,NA,NA,-0.61,-0.287777778,NA,NA,NA,NA,NA,NA,NA,NA,NA,NA,NA,NA,NA,NA,NA,NA,NA,NA,NA,NA,NA,NA,NA,NA,NA,NA,NA,NA,-0.645833333333333,0.15625,NA,NA,NA,NA,NA,NA,NA,NA,NA,NA,NA,NA,NA,NA,NA,NA,NA,NA,NA,NA,NA,NA,NA,NA,NA,NA,NA,NA,NA,NA,-0.69,-0.357777778,NA,NA,NA,NA,NA,NA,NA,NA,NA,NA,NA,NA,NA,NA,NA,NA,NA,NA,NA,NA,NA,NA,NA,NA,NA,NA,NA,NA
"55","nhtsa",-0.323529411666666,-0.323529411666666,-0.401960784284314,-0.401960784284314,-0.372549019323529,-0.372549019323529,-0.284313725196079,-0.284313725196079,NA,NA,NA,NA,NA,NA,NA,NA,-0.1409803925,-0.1409803925,-0.2705882355,-0.2705882355,NA,NA,NA,NA,NA,NA,NA,NA,NA,NA,-0.4256862745,-0.4256862745,NA,NA,NA,NA,NA,NA,NA,NA,NA,NA,NA,NA,NA,NA,NA,NA,-0.1825490195,-0.1825490195,NA,NA,NA,NA,NA,NA,NA,NA,NA,NA,-0.075294118,-0.075294118,NA,NA,NA,NA,NA,NA,NA,NA,NA,NA,NA,NA,NA,NA,NA,NA,NA,NA,NA,NA,NA,NA,NA,NA,NA,NA,NA,NA,NA,NA,NA,NA,NA,NA,NA,NA,NA,NA,NA,NA,NA,NA,NA,NA,NA,NA,NA,NA,NA,NA,NA,NA,NA,NA,NA,NA
"56","ntia_middle_mile",-0.225490196421569,-0.438502674039216,-0.245098039235294,-0.251336898441177,-0.382352940882353,-0.434937611529412,-0.107843137558824,-0.17290552572549,NA,NA,NA,NA,NA,NA,NA,NA,NA,NA,NA,NA,NA,NA,NA,NA,-0.137254901764706,-0.229946523882353,NA,NA,NA,NA,NA,NA,NA,NA,NA,NA,NA,NA,NA,NA,NA,NA,NA,NA,NA,NA,NA,NA,NA,NA,NA,NA,NA,NA,NA,NA,NA,NA,-0.225490196009804,-0.171122994470588,NA,NA,NA,NA,NA,NA,NA,NA,NA,NA,NA,NA,NA,NA,NA,NA,NA,NA,NA,NA,NA,NA,NA,NA,NA,NA,NA,NA,NA,NA,NA,NA,NA,NA,NA,NA,NA,NA,NA,NA,NA,NA,NA,NA,NA,NA,NA,NA,NA,NA,NA,NA,NA,NA,NA,NA,NA,NA
"57","ports",-0.392156862941176,-0.240896358352941,-0.539215686274509,-0.427170868323529,-0.147058823539216,-0.303921568627451,-0.57843137254902,-0.54061624645098,NA,NA,NA,NA,NA,NA,NA,NA,NA,NA,NA,NA,NA,NA,NA,NA,NA,NA,-0.1643137255,-0.294285714,NA,NA,-0.213137255,-0.271428571,-0.568181818181818,-0.478896104181818,NA,NA,NA,NA,NA,NA,-0.1829411765,-0.3542857145,NA,NA,NA,NA,NA,NA,NA,NA,NA,NA,NA,NA,NA,NA,NA,NA,NA,NA,NA,NA,NA,NA,NA,NA,NA,NA,NA,NA,NA,NA,NA,NA,NA,NA,NA,NA,NA,NA,NA,NA,NA,NA,NA,NA,NA,NA,NA,NA,NA,NA,NA,NA,NA,NA,NA,NA,NA,NA,NA,NA,NA,NA,NA,NA,NA,NA,NA,NA,NA,NA,NA,NA,NA,NA,NA,NA
"58","public_hsg",-0.0686274511470588,-0.0686274511470588,-0.254901960607843,-0.254901960607843,-0.0588235291470588,-0.0588235291470588,-0.303921568627451,-0.303921568627451,NA,NA,NA,NA,NA,NA,NA,NA,NA,NA,NA,NA,NA,NA,NA,NA,NA,NA,NA,NA,-0.1537254905,-0.1537254905,NA,NA,NA,NA,NA,NA,NA,NA,NA,NA,NA,NA,NA,NA,NA,NA,NA,NA,NA,NA,NA,NA,NA,NA,NA,NA,NA,NA,NA,NA,NA,NA,-0.264705882235295,-0.264705882235295,-0.186274509892157,-0.186274509892157,-0.186274509784313,-0.186274509784313,NA,NA,NA,NA,NA,NA,-0.0196078432254902,-0.0196078432254902,-0.27450980395098,-0.27450980395098,-0.254901960941176,-0.254901960941176,-0.284313725558824,-0.284313725558824,NA,NA,-0.136454581734694,-0.136454581734694,NA,NA,NA,NA,NA,NA,NA,NA,NA,NA,NA,NA,NA,NA,NA,NA,NA,NA,NA,NA,NA,NA,NA,NA,NA,NA,NA,NA,-0.264705882352941,-0.264705882352941,NA,NA
"59","public_hsg_cap",-0.205882353196079,-0.205882353196079,-0.23529411740196,-0.23529411740196,-0.0882352940588235,-0.0882352940588235,-0.254901960970588,-0.254901960970588,NA,NA,NA,NA,NA,NA,NA,NA,NA,NA,NA,NA,NA,NA,NA,NA,NA,NA,NA,NA,-0.1805882355,-0.1805882355,NA,NA,NA,NA,NA,NA,NA,NA,NA,NA,NA,NA,NA,NA,NA,NA,NA,NA,NA,NA,NA,NA,NA,NA,NA,NA,NA,NA,NA,NA,NA,NA,-0.254901960921568,-0.254901960921568,-0.254901960803922,-0.254901960803922,-0.294117646960784,-0.294117646960784,NA,NA,NA,NA,NA,NA,0.000000000205882366710597,0.000000000205882366710597,-0.196078431401961,-0.196078431401961,-0.196078431284314,-0.196078431284314,-0.392156862823529,-0.392156862823529,NA,NA,-0.156062424734694,-0.156062424734694,NA,NA,NA,NA,NA,NA,NA,NA,NA,NA,NA,NA,NA,NA,NA,NA,NA,NA,NA,NA,NA,NA,NA,NA,NA,NA,NA,NA,-0.245098039303921,-0.245098039303921,NA,NA
"60","raise",-0.235294117892157,-0.235294117892157,-0.401960784186274,-0.401960784186274,-0.392156862549019,-0.392156862549019,-0.333333333352941,-0.333333333352941,NA,NA,NA,NA,NA,NA,NA,NA,-0.1056862745,-0.1056862745,-0.169215686,-0.169215686,NA,NA,NA,NA,NA,NA,-0.3756862745,-0.3756862745,NA,NA,-0.340392157,-0.340392157,NA,NA,-0.313725490372549,-0.313725490372549,NA,NA,NA,NA,NA,NA,-0.0425490195,-0.0425490195,NA,NA,NA,NA,-0.2805882355,-0.2805882355,NA,NA,NA,NA,-0.166666666539216,-0.166666666539216,NA,NA,NA,NA,-0.1884313725,-0.1884313725,NA,NA,NA,NA,NA,NA,NA,NA,NA,NA,NA,NA,NA,NA,NA,NA,NA,NA,NA,NA,NA,NA,NA,NA,NA,NA,NA,NA,-0.245098039254902,-0.245098039254902,-0.199754901666667,-0.199754901666667,NA,NA,NA,NA,NA,NA,NA,NA,NA,NA,NA,NA,NA,NA,NA,NA,-0.33254902,-0.33254902,NA,NA,NA,NA,NA,NA
"61","reconnect_community",-0.196078431333333,-0.316571789990196,-0.215686274372549,-0.290322581,-0.196078431401961,-0.270082226519608,-0.225490196078431,-0.262492093901961,NA,NA,NA,NA,NA,NA,NA,NA,NA,NA,-0.3501960785,-0.179354839,NA,NA,NA,NA,NA,NA,NA,NA,NA,NA,-0.230980392,-0.381935484,NA,NA,NA,NA,NA,NA,NA,NA,NA,NA,-0.53,-0.176451613,NA,NA,NA,NA,NA,NA,NA,NA,NA,NA,-0.284313725539216,-0.0860215056666667,NA,NA,NA,NA,-0.66,-0.102580645,NA,NA,NA,NA,NA,NA,NA,NA,NA,NA,NA,NA,NA,NA,NA,NA,NA,NA,NA,NA,NA,NA,NA,NA,NA,NA,NA,NA,-0.127450980647059,-0.216318785352941,-0.0845588233333334,-0.169354839,NA,NA,NA,NA,NA,NA,NA,NA,NA,NA,NA,NA,NA,NA,NA,NA,NA,NA,NA,NA,NA,NA,NA,NA
"62","rural_surface",-0.666666666666667,-0.374331550529412,-0.705882352941177,-0.41532976872549,-0.65686274509804,-0.504456327803922,-0.676470588235294,-0.14260249572549,NA,NA,NA,NA,NA,NA,NA,NA,-0.67,-0.0345454549999999,-0.65,-0.296363636,NA,NA,NA,NA,NA,NA,NA,NA,NA,NA,-0.72,-0.356363636,NA,NA,NA,NA,NA,NA,NA,NA,NA,NA,NA,NA,NA,NA,NA,NA,-0.65,-0.010909091,NA,NA,NA,NA,-0.607843137254902,-0.273618537960785,NA,NA,NA,NA,-0.71,0.1227272725,NA,NA,NA,NA,NA,NA,NA,NA,NA,NA,NA,NA,NA,NA,NA,NA,NA,NA,NA,NA,NA,NA,NA,NA,NA,NA,NA,NA,-0.637254901960784,-0.397504456009804,-0.6875,-0.295454545,NA,NA,NA,NA,NA,NA,NA,NA,NA,NA,NA,NA,NA,NA,NA,NA,NA,NA,NA,NA,NA,NA,NA,NA
"63","s8_project",-0.323529411558824,-0.323529411558824,-0.343137254656863,-0.343137254656863,-0.117647059264706,-0.117647059264706,-0.362745097833333,-0.362745097833333,NA,NA,NA,NA,NA,NA,NA,NA,NA,NA,NA,NA,NA,NA,NA,NA,NA,NA,NA,NA,-0.2907843135,-0.2907843135,NA,NA,NA,NA,NA,NA,NA,NA,NA,NA,NA,NA,NA,NA,NA,NA,NA,NA,NA,NA,NA,NA,NA,NA,NA,NA,NA,NA,NA,NA,NA,NA,-0.137254902147059,-0.137254902147059,-0.205882353333333,-0.205882353333333,-0.284313725441177,-0.284313725441177,NA,NA,NA,NA,-0.0588235290980392,-0.0588235290980392,NA,NA,-0.303921568382353,-0.303921568382353,-0.303921568284313,-0.303921568284313,-0.37254901932353,-0.37254901932353,NA,NA,-0.0736294514081632,-0.0736294514081632,NA,NA,NA,NA,NA,NA,NA,NA,NA,NA,NA,NA,NA,NA,NA,NA,NA,NA,NA,NA,NA,NA,NA,NA,NA,NA,NA,NA,-0.352941176578431,-0.352941176578431,NA,NA
"64","safe_streets",-0.235294117529412,-0.244697879284313,-0.274509803598039,-0.260904361254902,-0.245098039421569,-0.232092837196078,-0.352941176303922,-0.379751900872549,-0.166666666460784,-0.165066026441177,NA,NA,NA,NA,NA,NA,-0.2892156865,-0.3112244895,NA,NA,NA,NA,NA,NA,NA,NA,NA,NA,NA,NA,-0.2139215685,-0.226530612,NA,NA,NA,NA,NA,NA,NA,NA,NA,NA,NA,NA,NA,NA,NA,NA,-0.266862745,-0.2936734695,NA,NA,NA,NA,NA,NA,NA,NA,NA,NA,NA,NA,NA,NA,NA,NA,NA,NA,NA,NA,NA,NA,NA,NA,NA,NA,NA,NA,NA,NA,NA,NA,NA,NA,NA,NA,NA,NA,NA,NA,NA,NA,-0.028186275,-0.0187074826666667,NA,NA,NA,NA,NA,NA,NA,NA,NA,NA,NA,NA,NA,NA,NA,NA,NA,NA,NA,NA,NA,NA,NA,NA
"65","tribal_broadband",-0.558823529411764,-0.242114237107843,-0.676470588235294,-0.220801363980392,-0.65686274509804,-0.547314578352941,-0.696078431372549,-0.206308610313725,NA,NA,NA,NA,NA,NA,NA,NA,NA,NA,NA,NA,NA,NA,NA,NA,-0.176470588313726,-0.236146632392157,NA,NA,NA,NA,NA,NA,NA,NA,NA,NA,NA,NA,NA,NA,NA,NA,NA,NA,NA,NA,NA,NA,NA,NA,NA,NA,NA,NA,NA,NA,NA,NA,-0.647058823529412,-0.245524296588235,NA,NA,NA,NA,NA,NA,NA,NA,NA,NA,NA,NA,NA,NA,NA,NA,NA,NA,NA,NA,NA,NA,NA,NA,NA,NA,NA,NA,NA,NA,NA,NA,NA,NA,NA,NA,NA,NA,NA,NA,NA,NA,NA,NA,NA,NA,NA,NA,NA,NA,NA,NA,NA,NA,NA,NA,NA,NA
"66","usace",-0.196078431745098,-0.213848039215686,-0.176470588245098,-0.284926470588235,-0.245098039519608,-0.238664215686274,-0.26470588240196,-0.239889705882353,NA,NA,NA,NA,NA,NA,NA,NA,NA,NA,NA,NA,NA,NA,NA,NA,NA,NA,-0.1794117645,-0.2225,NA,NA,NA,NA,-0.135026737909091,-0.210227272727273,NA,NA,-0.549019607990196,-0.225490196078431,-0.284313725147059,-0.430759803921569,NA,NA,NA,NA,-0.382352941156863,-0.239276960784314,NA,NA,NA,NA,NA,NA,-0.182156863,-0.263125,NA,NA,-0.529411765,-0.255208333333333,NA,NA,NA,NA,NA,NA,NA,NA,NA,NA,NA,NA,NA,NA,NA,NA,NA,NA,NA,NA,NA,NA,NA,NA,-0.274509804,-0.447916666666667,NA,NA,-0.151960784666667,-0.28125,-0.270784314,-0.49375,NA,NA,NA,NA,NA,NA,NA,NA,NA,NA,NA,NA,NA,NA,NA,NA,NA,NA,-0.2223529415,-0.36125,NA,NA,NA,NA,NA,NA,-0.27450980359804,-0.322916666666667
